{
    "7": {
        "first": {
            "insertion sort": 0.0028417110443115234,
            "selection sort": 0.003168344497680664,
            "merge sort": 0.0022253990173339844,
            "shell sort": 0.002032041549682617
        },
        "second": {
            "insertion sort": 8.296966552734375e-05,
            "selection sort": 0.0005631446838378906,
            "merge sort": 0.0003371238708496094,
            "shell sort": 0.0002148151397705078
        },
        "third": {
            "insertion sort": 0.0009639263153076172,
            "selection sort": 0.0005650520324707031,
            "merge sort": 0.00032210350036621094,
            "shell sort": 0.0002830028533935547
        },
        "fourth": {
            "insertion sort": 0.0015156269073486328,
            "selection sort": 0.0018622875213623047,
            "merge sort": 0.0013458728790283203,
            "shell sort": 0.0007700920104980469
        }
    },
    "8": {
        "first": {
            "insertion sort": 0.010632038116455078,
            "selection sort": 0.01064753532409668,
            "merge sort": 0.004788637161254883,
            "shell sort": 0.004032611846923828
        },
        "second": {
            "insertion sort": 0.00015497207641601562,
            "selection sort": 0.0021178722381591797,
            "merge sort": 0.0009021759033203125,
            "shell sort": 0.0006139278411865234
        },
        "third": {
            "insertion sort": 0.0037276744842529297,
            "selection sort": 0.0020911693572998047,
            "merge sort": 0.0009071826934814453,
            "shell sort": 0.0012009143829345703
        },
        "fourth": {
            "insertion sort": 0.005373716354370117,
            "selection sort": 0.006638526916503906,
            "merge sort": 0.0026388168334960938,
            "shell sort": 0.0018939971923828125
        }
    },
    "9": {
        "first": {
            "insertion sort": 0.04436039924621582,
            "selection sort": 0.04779386520385742,
            "merge sort": 0.011876583099365234,
            "shell sort": 0.011542320251464844
        },
        "second": {
            "insertion sort": 0.0004138946533203125,
            "selection sort": 0.010344743728637695,
            "merge sort": 0.0023190975189208984,
            "shell sort": 0.0013740062713623047
        },
        "third": {
            "insertion sort": 0.020780086517333984,
            "selection sort": 0.012164831161499023,
            "merge sort": 0.0018050670623779297,
            "shell sort": 0.002003908157348633
        },
        "fourth": {
            "insertion sort": 0.023366689682006836,
            "selection sort": 0.03370499610900879,
            "merge sort": 0.007841825485229492,
            "shell sort": 0.005102872848510742
        }
    },
    "10": {
        "first": {
            "insertion sort": 0.21169590950012207,
            "selection sort": 0.21688103675842285,
            "merge sort": 0.027186155319213867,
            "shell sort": 0.029567956924438477
        },
        "second": {
            "insertion sort": 0.0007901191711425781,
            "selection sort": 0.04233503341674805,
            "merge sort": 0.003576040267944336,
            "shell sort": 0.0026519298553466797
        },
        "third": {
            "insertion sort": 0.06856608390808105,
            "selection sort": 0.03759312629699707,
            "merge sort": 0.003710031509399414,
            "shell sort": 0.0040569305419921875
        },
        "fourth": {
            "insertion sort": 0.08325409889221191,
            "selection sort": 0.12676596641540527,
            "merge sort": 0.014055013656616211,
            "shell sort": 0.010198831558227539
        }
    },
    "11": {
        "first": {
            "insertion sort": 0.8075110912322998,
            "selection sort": 0.7911641597747803,
            "merge sort": 0.05069684982299805,
            "shell sort": 0.05840492248535156
        },
        "second": {
            "insertion sort": 0.0013530254364013672,
            "selection sort": 0.16246891021728516,
            "merge sort": 0.00808095932006836,
            "shell sort": 0.005833148956298828
        },
        "third": {
            "insertion sort": 0.3138420581817627,
            "selection sort": 0.17323017120361328,
            "merge sort": 0.008260011672973633,
            "shell sort": 0.009209156036376953
        },
        "fourth": {
            "insertion sort": 0.35566091537475586,
            "selection sort": 0.46967291831970215,
            "merge sort": 0.030211210250854492,
            "shell sort": 0.0238797664642334
        }
    },
    "12": {
        "first": {
            "insertion sort": 3.3156633377075195,
            "selection sort": 3.2064473628997803,
            "merge sort": 0.11920619010925293,
            "shell sort": 0.14693856239318848
        },
        "second": {
            "insertion sort": 0.002597808837890625,
            "selection sort": 0.6873109340667725,
            "merge sort": 0.019012928009033203,
            "shell sort": 0.015440940856933594
        },
        "third": {
            "insertion sort": 1.2824437618255615,
            "selection sort": 0.6618449687957764,
            "merge sort": 0.017483949661254883,
            "shell sort": 0.0194549560546875
        },
        "fourth": {
            "insertion sort": 1.4737529754638672,
            "selection sort": 1.973893165588379,
            "merge sort": 0.068695068359375,
            "shell sort": 0.05429506301879883
        }
    },
    "13": {
        "first": {
            "insertion sort": 13.68948769569397,
            "selection sort": 13.39430022239685,
            "merge sort": 0.28932881355285645,
            "shell sort": 0.3928945064544678
        },
        "second": {
            "insertion sort": 0.005760908126831055,
            "selection sort": 2.683276653289795,
            "merge sort": 0.04217791557312012,
            "shell sort": 0.03498077392578125
        },
        "third": {
            "insertion sort": 5.338467836380005,
            "selection sort": 2.956639051437378,
            "merge sort": 0.049211740493774414,
            "shell sort": 0.04256772994995117
        },
        "fourth": {
            "insertion sort": 6.3983986377716064,
            "selection sort": 8.377532243728638,
            "merge sort": 0.15465259552001953,
            "shell sort": 0.11829304695129395
        }
    },
    "14": {
        "first": {
            "insertion sort": 55.61116313934326,
            "selection sort": 54.57499313354492,
            "merge sort": 0.5580916404724121,
            "shell sort": 0.8721158504486084
        },
        "second": {
            "insertion sort": 0.010962963104248047,
            "selection sort": 10.994439125061035,
            "merge sort": 0.08486771583557129,
            "shell sort": 0.08223319053649902
        },
        "third": {
            "insertion sort": 27.903737783432007,
            "selection sort": 12.336198091506958,
            "merge sort": 0.08244204521179199,
            "shell sort": 0.1138761043548584
        },
        "fourth": {
            "insertion sort": 25.278302669525146,
            "selection sort": 33.55633234977722,
            "merge sort": 0.3215596675872803,
            "shell sort": 0.24320578575134277
        }
    },
    "15": {
        "first": {
            "insertion sort": 235.525652885437,
            "selection sort": 245.56038999557495,
            "merge sort": 1.3253905773162842,
            "shell sort": 1.929349660873413
        },
        "second": {
            "insertion sort": 0.023296833038330078,
            "selection sort": 50.753509283065796,
            "merge sort": 0.1779618263244629,
            "shell sort": 0.15199589729309082
        },
        "third": {
            "insertion sort": 95.90091824531555,
            "selection sort": 59.99592995643616,